URL,Status,Error
https://goodparty.org/elections/position/mt/garfield-county/county-clerk/recorder/assessor-joint,404,
https://goodparty.org/elections/position/mt/treasure-county/county-clerk/county-recorder/district-court-clerk-joint,404,
https://goodparty.org/elections/position/mt/meagher-county/county-clerk/recorder/school-superintendent-joint,404,
https://goodparty.org/elections/position/mt/sanders-county/county-clerk/recorder/treasurer/school-superintendent-joint,404,
https://goodparty.org/elections/position/mt/blaine-county/county-clerk/recorder/assessor-joint,404,
https://goodparty.org/elections/position/mt/jefferson-county/county-clerk/recorder/assessor/surveyor-joint,404,
https://goodparty.org/elections/position/mt/musselshell-county/county-clerk/recorder/election-administrator/surveyor-joint,404,
https://goodparty.org/elections/position/mt/daniels-county/county-clerk/recorder/assessor/surveyor-joint,404,
https://goodparty.org/elections/position/mt/flathead-county/county-treasurer/public-administrator/assessor-joint,404,
https://goodparty.org/elections/position/mt/phillips-county/county-treasurer/assessor/school-superintendent-joint,404,
https://goodparty.org/elections/position/mt/wibaux-county/county-clerk/recorder/school-superintendent-joint,404,
https://goodparty.org/elections/position/mt/sheridan-county/county-clerk/recorder/school-superintendent-joint,404,
https://goodparty.org/elections/position/mt/treasure-county/county-treasurer/assessor/school-superintendent-joint,404,
https://goodparty.org/elections/position/mt/golden-valley-county/county-clerk/county-recorder/district-court-clerk-joint,404,
https://goodparty.org/elections/position/mt/ravalli-county/county-treasurer/assessor/surveyor-joint,404,
https://goodparty.org/elections/position/mt/lake-county/county-clerk/recorder/auditor/public-administrator/surveyor-joint,404,
https://goodparty.org/elections/position/mt/cascade-county/county-clerk/recorder/surveyor/auditor-joint,404,
https://goodparty.org/elections/position/mt/missoula-county/county-recorder/treasurer/clerk-joint,404,
https://goodparty.org/elections/position/mt/lincoln-county/county-clerk/recorder/election-administrator-joint,404,
https://goodparty.org/elections/position/mt/granite-county/county-treasurer/school-superintendent/public-administrator-joint,404,
https://goodparty.org/elections/position/mt/pondera-county/county-treasurer/assessor/school-superintendent-joint,404,
https://goodparty.org/elections/position/mt/roosevelt-county/county-clerk/recorder/public-administrator-joint,404,
https://goodparty.org/elections/position/mt/yellowstone-county/county-treasurer/assessor/school-superintendent-joint,404,
https://goodparty.org/elections/position/mt/lewis-and-clark-county/county-recorder/treasurer/clerk-joint,404,
https://goodparty.org/elections/position/mt/granite-county/county-clerk/recorder/assessor/surveyor-joint,404,
https://goodparty.org/elections/position/mt/mineral-county/county-clerk/recorder/assessor-joint,404,
https://goodparty.org/elections/position/mt/carbon-county/county-treasurer/assessor/school-superintendent-joint,404,
https://goodparty.org/elections/position/mt/teton-county/county-clerk/recorder/surveyor-joint,404,
https://goodparty.org/elections/position/mt/yellowstone-county/county-clerk/recorder/surveyor/auditor-joint,404,
https://goodparty.org/elections/position/mt/liberty-county/county-sheriff/coroner/public-administrator-joint,404,
https://goodparty.org/elections/position/mt/gallatin-county/county-clerk/recorder/surveyor-joint,404,
https://goodparty.org/elections/position/mt/fallon-county/county-clerk/recorder/school-superintendent-joint,404,
https://goodparty.org/elections/position/mt/liberty-county/county-clerk/recorder/election-administrator-joint,404,
https://goodparty.org/elections/position/mt/flathead-county/county-clerk/recorder/surveyor/auditor-joint,404,
https://goodparty.org/elections/position/mt/stillwater-county/county-clerk/recorder/election-administrator/surveyor-joint,404,
https://goodparty.org/elections/position/mt/glacier-county/county-clerk/recorder/school-superintendent-joint,404,
https://goodparty.org/elections/position/mt/ravalli-county/county-clerk/recorder/school-superintendent-joint,404,
https://goodparty.org/elections/position/mt/toole-county/county-treasurer/assessor/school-superintendent-joint,404,
https://goodparty.org/elections/position/mt/valley-county/county-clerk/recorder/school-superintendent-joint,404,
https://goodparty.org/elections/position/mt/phillips-county/county-clerk/recorder/surveyor/auditor-joint,404,
https://goodparty.org/elections/position/mt/mineral-county/county-sheriff/coroner/public-administrator-joint,404,
https://goodparty.org/elections/position/mt/powell-county/county-clerk/recorder/assessor-joint,404,
